,token_index,valuations
1352,1252,64.3155376074821
11659,5807,55.20016394438869
9815,4967,60.131747944620656
3968,2477,85.43047970624912
5674,3217,40.49612134175908
17214,8197,59.08492018871823
20049,9440,40.81436453854917
9524,4843,57.14138286902818
3144,2110,113.04343512211324
3050,2061,67.18044587136336
1740,1445,45.99297113350224
5641,3201,52.08856343538781
10872,5431,50.71287842915308
5670,3215,36.93273178545439
8936,4579,66.01593297288446
9680,4924,76.75225157839168
6377,3510,44.143577706723306
16947,8080,32.330005067920695
20362,9567,35.97773947211539
12871,6314,62.51920369507815
21208,9934,67.83917011812923
18334,8686,238.03655477372666
13563,6603,53.20922707456651
4708,2805,39.88915240242784
6308,3481,61.592092370546936
17581,8376,40.465442781916124
15315,7342,73.81554909571986
11520,5731,52.57097708624087
20409,9589,32.55816074947069
3483,2259,65.44692301208545
11045,5518,51.66693963028882
8776,4509,39.87426278476437
20984,9847,86.91241463264174
10382,5220,69.50646083617613
3025,2049,85.53898383463411
12348,6068,45.08382472613539
14338,6875,58.01051616715665
18228,8643,67.51837828540931
18540,8786,60.01378052373343
1725,1436,48.53760187263998
10544,5285,63.259909238955856
7464,3955,51.945339611568556
13612,6621,46.86971530388041
397,518,46.78021494192427
5787,3258,47.94566152992195
4187,2567,53.940990762602496
4289,2616,159.3482175755663
2175,1667,48.903046622147826
14002,6746,51.64636322963253
15029,7209,82.28934946057188
7889,4131,59.40218032275254
15375,7375,63.92147963120175
5666,3213,30.46822300233407
14197,6825,25.33491083626643
7296,3875,55.80648001479125
8910,4563,46.95438411894321
20084,9455,55.31156289498563
20033,9435,41.34388412583553
5120,2976,57.692252429206576
10244,5165,53.94096377153909
17858,8481,47.50654648082906
8962,4596,-40.57384960084073
17323,8252,52.66459832550515
13733,6654,85.43382692547561
6276,3465,45.367595938545435
9220,4729,103.96461118480647
1447,1315,61.71217454684984
13130,6421,50.556740877589164
2172,1666,44.39408275792596
10091,5097,45.37878167386464
4157,2552,32.096427085519224
1284,1191,52.278020326709225
18162,8608,44.47383962584877
3670,2348,64.0216699497646
8210,4252,35.23998820741849
17937,8517,87.18602678634483
19998,9416,44.08153039127967
8375,4327,82.77436142401507
14961,7170,74.63715055344892
10215,5153,49.005775041039215
12999,6374,56.96566893570605
9393,4800,31.29707842143273
7043,3782,17.144498642269866
8744,4488,54.38110672908044
12048,5962,54.03611727206879
4389,2654,35.59747658917422
17564,8370,48.79472321609575
1324,1232,84.67505715337137
17397,8285,45.6927687810354
20337,9552,43.55390730750639
746,773,48.403233539451776
9728,4933,52.11078040072891
1591,1380,94.46578266281307
722,750,63.68251269519118
21166,9914,60.36223449869675
300,445,59.344366281236944
6415,3528,58.356683694396395
15943,7636,52.12265803854092
3177,2119,63.93773296488871
3063,2067,55.68955217144497
5999,3352,39.30827958661803
5189,2997,52.481662517521784
233,383,52.69052042772961
20046,9438,96.8331526209272
5809,3268,62.34940972091118
1545,1361,71.14744141003081
12279,6051,36.70801475469773
1373,1263,62.472489202408156
20539,9660,27.964996928203277
15304,7335,23.0619136267141
20757,9749,105.40691770772474
9864,4991,49.563464548666445
13990,6741,63.97862239321614
7237,3852,75.61678340960543
12452,6115,52.885306479015014
10304,5193,44.97228190522287
13348,6531,53.26735743879942
10866,5429,28.100156090532835
8125,4219,41.75242583950478
14403,6895,46.60875429172546
2816,1936,50.351136177538365
15284,7323,51.63192273893094
17558,8365,118.12190171509127
16877,8050,42.26127865945756
13866,6697,41.387670537344036
20452,9615,-86.46329020684573
10533,5280,60.88346370006212
11186,5586,58.42076471925691
2456,1780,67.73120328723326
15293,7326,42.98240126102911
18496,8756,36.5941903216883
12007,5946,42.71238369320446
3532,2289,41.610747951230564
16810,8018,52.047745447920306
14153,6807,60.59794713352488
3181,2122,59.46282822363776
9310,4773,53.17889009921049
19961,9396,53.31324289899845
10826,5409,71.16703374450856
15905,7622,67.58272462228081
18742,8878,78.82992485954594
20663,9709,48.297375207672644
18956,8951,69.86631115049414
18692,8851,114.85574559046768
12922,6338,46.49368281882221
728,755,325.6885576128104
10043,5074,50.3031819071972
5937,3329,31.992198849913393
12710,6241,159.80879666330702
9619,4903,54.77419341994607
15431,7405,29.68221873115766
11370,5670,73.06962039034488
10108,5105,34.89300063785015
4559,2733,35.663776553514595
2004,1573,62.43975974653648
1147,1091,59.27945970125978
541,622,26.59516592050221
7624,4021,88.71338282372733
13053,6385,38.71762756519627
15597,7486,35.82309007123632
5523,3159,76.02047841916351
6641,3617,46.35770877831868
10422,5230,127.81380434924449
17560,8366,54.2253382937875
15422,7403,182.3021882850618
2246,1700,48.69987934670928
3827,2409,59.175984071418554
17384,8282,70.56421539660045
12467,6122,50.73745544962151
16337,7825,65.35361070878668
7063,3790,48.63608878826261
17988,8536,51.7788891447305
4384,2653,60.888712168268455
16263,7789,57.650390947999426
9075,4640,91.71212597749752
8110,4210,44.80430441159831
12503,6134,60.78514711842166
17462,8321,58.195683505790555
5225,3008,56.5249292097061
19724,9293,70.70960271412554
7715,4059,34.90040211176188
20215,9507,84.11561226675997
17917,8510,55.24702041642456
10720,5361,112.29660982302136
17079,8144,40.61332111715029
9218,4727,49.596413042000904
1914,1520,43.37031336856012
10176,5144,37.71679523143848
18073,8573,65.12215897256709
2180,1672,44.24767500356171
14275,6836,45.30290422003441
14412,6908,47.24763566054395
692,718,47.58939267016393
11882,5891,112.19741070686769
11181,5583,105.7382080546983
1426,1290,45.150633948009215
8758,4496,29.14074372134371
1354,1253,56.30627992779716
12371,6077,50.43133710144048
1688,1423,65.81697988055345
6199,3431,48.357517322185345
1576,1372,60.60393536337432
3042,2057,69.60997006055106
5007,2931,51.208573344210436
11708,5826,23.005526171548354
15989,7658,34.93431893904898
9729,4934,81.65353900032198
4698,2799,47.02683969799847
8127,4221,51.00846191278754
7600,4009,42.257473132019186
11931,5915,49.01584305074465
11598,5766,51.86863758691652
11779,5853,63.06362647373021
7388,3922,51.87318275954385
8773,4507,76.96367423174968
150,300,54.078371887988055
509,610,39.98668977422392
10181,5147,27.657295930813063
10824,5406,75.43439710336668
16533,7907,75.40122212106348
4692,2791,75.95837005511294
2285,1712,51.44666506538715
7855,4120,50.96566325755401
14863,7124,51.7745636996637
13840,6689,77.09832562284146
15745,7543,49.19484097866916
18905,8933,81.64428951693026
20032,9434,44.56798844814449
769,793,58.62681640155648
3762,2384,64.39297233720453
4689,2790,60.026040053350584
4612,2762,59.62420906986432
20286,9536,43.46871346356755
549,628,41.36619743144928
17893,8498,1061.211031580318
11414,5683,53.69995230582026
4909,2887,123.22336191574914
1181,1110,44.12881470195623
15338,7353,34.239903617448306
3624,2331,42.519358587697866
16801,8014,14.483571195355125
2419,1766,65.69459560123727
17979,8532,95.54416413113466
13685,6638,92.61706542984075
4864,2870,23.209341713283834
17727,8437,94.11252334844858
9442,4820,44.94284588859068
5716,3229,58.80937005488386
505,608,75.21683305063016
2182,1673,61.87092661208669
4221,2580,49.333414913741706
1365,1257,42.68428866877707
11553,5744,46.40709236568415
14716,7052,53.053938877494716
1814,1475,50.32857104357629
6968,3754,56.28416908044386
5637,3199,11.723287119636382
10576,5302,50.527100244664155
9488,4839,49.77685329295599
12158,5998,52.44367174402083
13145,6429,54.35123202395829
14607,7001,46.51695488144651
20661,9708,56.40516549110197
13207,6464,64.99213427277937
18682,8844,67.31519091215506
4281,2612,66.68805652567346
15766,7552,49.963920906884994
17196,8189,39.98904014992735
7518,3972,52.11692498393563
19991,9411,49.0833651786358
12895,6326,61.72346463523235
12480,6126,36.3334917797701
4808,2848,51.19353197887381
13345,6530,52.654957939028805
14751,7071,47.27965216758889
13485,6577,32.236311993934635
10646,5333,42.79464901429276
13962,6726,36.152427247667106
13885,6707,71.44580508290727
5966,3338,57.034684423252486
3555,2300,26.735751522067915
15364,7368,40.14445775611449
11250,5618,55.543537192631845
1280,1189,55.6276279697658
14630,7007,84.30827661923973
20472,9624,68.72967492234756
20493,9638,46.252506219189286
4150,2549,45.592633024155816
278,430,44.902415661785824
11784,5857,54.31206437621836
4173,2558,48.64433367553215
1484,1325,44.57533416343955
10369,5213,52.86381656700166
6942,3741,52.45619384949646
8633,4452,67.68814739311995
12212,6023,39.09212798849023
19602,9233,65.66250139330242
5714,3228,44.52272809922397
12031,5955,37.69781094534915
5261,3027,137.5613561749302
9907,5011,41.22029989453591
9125,4666,41.52868043709236
5235,3011,335.3804089987902
21142,9907,57.32521290856869
3984,2483,28.532279280794796
3564,2307,33.647534956047366
10839,5418,23.02243669684225
19043,8999,42.10049951661426
11885,5893,15.643074398077545
8027,4180,60.63747845474853
10429,5233,28.32475589544697
17089,8150,50.68178389782298
4249,2592,58.28005739781594
16593,7925,59.79172759744682
8171,4234,117.87973269155361
13480,6574,41.64146174891448
7375,3919,55.10780713747829
13323,6518,37.86958344853275
6400,3519,61.6478720324659
7534,3976,25.105218955209466
17592,8379,97.99274463173964
1366,1258,41.00971397066451
7314,3892,29.448101109595427
7395,3924,49.106794494834844
12341,6065,59.57578604316029
11751,5841,115.6089884548673
12845,6301,30.741443202171013
4247,2591,55.55194421216322
2076,1611,73.37849811990571
12728,6258,47.131524080503766
5028,2937,46.93844636495828
2907,1993,65.34268483665562
5258,3023,40.58260652452111
176,338,49.69861685268893
2415,1764,33.00209065066872
4009,2493,60.5273147646821
17789,8457,43.91074419026182
7821,4111,64.67389582570615
3611,2326,52.18954079980284
9781,4955,65.25510331771352
7086,3797,64.5318718502541
14661,7022,80.80314025496682
13747,6658,42.31161261647787
14546,6976,26.7824814669454
54,169,67.82396873710837
1302,1210,32.405109605893074
9874,4994,51.39033211369497
11492,5725,160.12678485138656
3649,2342,42.38018065670167
20341,9557,56.39116401593486
19530,9200,68.34575115442425
10221,5156,28.26535231524673
18893,8929,53.06268049743869
19374,9125,27.917695555619048
5332,3060,93.14186262787194
18019,8549,66.3861224001231
3868,2426,59.6790675055297
3495,2265,55.367270747128714
10914,5454,137.549244258057
3263,2155,50.15601818196785
2205,1682,158.90742062112702
17009,8100,103.9972772563662
17811,8465,53.446371146550064
18994,8974,149.4784423064997
778,797,47.949751260624794
3226,2139,52.56237249246499
9388,4798,54.58076362758038
21005,9853,60.59437561730675
8916,4569,53.003190026646394
16015,7670,70.8310813352154
14173,6817,58.39664154896411
11984,5935,54.58436086240113
20699,9717,35.40619348666337
15454,7415,-19.099956850043156
10359,5209,51.95659187349628
3620,2328,50.482720914872004
7283,3870,49.64211428633121
19762,9310,50.87509180860104
712,745,22.890458365210918
4614,2765,57.19064719120945
3023,2047,48.741882653197194
8919,4572,40.21227118299652
16732,7986,66.20659416374593
3556,2301,150.87071919107336
19879,9361,107.16220582208234
11629,5781,62.48331487815307
8244,4270,49.762280536972185
1552,1362,44.67197994515527
17639,8396,42.329919016558904
12378,6080,71.87006757150789
17571,8374,38.06206129026572
19209,9055,40.346696937264824
12492,6130,61.302252043050885
1263,1182,151.49638911882124
8140,4223,62.84655665943757
1641,1403,54.13148060629646
21082,9881,22.801327639988983
90,241,58.20653850548376
2032,1587,107.2970564693793
4486,2695,56.92324663574226
3094,2084,71.66190022049733
11483,5721,73.05149360875407
18249,8651,53.04763062939065
10948,5461,56.7707080351027
5362,3083,58.51215155297518
17772,8455,37.651157160087564
17702,8430,56.533521093217814
18665,8835,34.62194851609979
10487,5262,59.63591482503159
15084,7239,81.70035178985756
49,161,45.860175606132486
281,431,55.282222862412084
15579,7478,43.71539320121599
19918,9380,54.39605286917356
471,578,57.060822280351374
7784,4096,57.6626914511001
8492,4393,61.55290864308472
10690,5349,59.986865183233135
970,962,63.05355870502672
20520,9654,54.3017006043774
20995,9850,51.73610801962042
4865,2871,40.07290943864149
2916,2002,56.651436492598975
976,973,26.49630509718662
10991,5485,47.82295601199553
2957,2032,42.781276381958094
20734,9731,47.203892816608516
5210,3003,59.62829680532434
6592,3592,73.19800049445604
5372,3088,129.60326929737425
9404,4805,33.31229054975233
3212,2132,660.6415224152977
20644,9697,74.13236878601481
6131,3402,21.302712880271713
13375,6541,63.7793127547983
235,384,56.40411525949037
3133,2105,36.85608363574386
4626,2769,50.08793169728398
16116,7714,66.51149352095928
11735,5834,61.54220889169062
18026,8552,64.59331026811066
1871,1501,45.90478448635372
6371,3508,51.320892792661084
4474,2688,53.91697161165587
15530,7448,45.16228673325594
20652,9705,49.750757932895226
7498,3967,111.44313312381865
16862,8046,48.772548603456016
13166,6443,58.9397483748935
8439,4358,45.97621990163674
16709,7974,53.334317257507905
3213,2134,32.16049155402169
18970,8956,42.319754593194546
6154,3416,90.21305841805668
7629,4023,78.20234315197519
13378,6542,75.22128405592684
4125,2541,58.851715158534034
18727,8871,46.623210364428076
274,423,66.28132174172265
11611,5773,49.01870016147291
20225,9509,55.39165354428735
9092,4650,51.930241543689135
14500,6952,109.00208011732627
17399,8286,70.63881479271117
13162,6442,37.605118189095776
21073,9877,65.59544118173204
11514,5730,48.569650840494205
9138,4679,74.3574832079239
114,260,109.68673003252292
1223,1146,45.500866005833245
19700,9280,1063.86324373059
11174,5580,49.079155495064356
19860,9351,40.93529460198181
18311,8673,42.85618670032659
15367,7370,64.64329827793802
6318,3485,41.25201256772198
16571,7917,62.68593878202188
4161,2554,55.87039170503817
14430,6918,38.71332861289392
10773,5390,74.80271364455848
16152,7731,74.02059665175454
5962,3337,69.49959117171971
4156,2551,-6.265521174812989
15201,7279,51.25992543440839
16270,7798,70.04840631385963
18479,8747,36.54104074227536
4940,2905,32.097495832399204
10619,5323,66.07495767566314
18786,8901,53.127948182351076
19261,9077,34.07313499414602
10115,5108,44.548249651763285
16062,7692,48.11070693155216
1401,1280,35.87458331341708
18373,8702,27.067619902058993
9981,5050,67.5195620188129
8220,4256,37.28784009246141
6102,3387,42.6154962414131
16637,7944,44.03480542782836
9275,4754,54.30661430574463
1590,1379,41.258521154444054
13151,6433,65.7552411126697
820,836,29.374809270886885
21225,9948,56.37803396798091
3211,2131,49.93796443769094
17072,8141,44.97684414665713
10595,5311,52.699627268081485
12251,6036,154.1324074281493
15875,7609,29.096056490299077
9921,5019,31.694965002763922
1006,998,57.03920456963118
3821,2407,13.345234101127744
4983,2920,42.29293435588511
9738,4941,58.44452859832535
5799,3262,42.69405990762516
62,197,37.66583011333131
7316,3894,38.06504593947835
4040,2504,31.204084279251617
17897,8500,45.586352642011605
6576,3586,51.99490644679486
8195,4242,56.50166295351022
14699,7041,28.756328297528
6294,3470,65.07953360650231
9278,4758,35.20524556078476
13780,6671,26.19110832388685
10604,5318,71.49640841707532
14719,7053,44.14619170831372
2929,2011,55.46096346062734
18577,8806,30.7907249688476
2236,1695,21.644083891686307
3266,2156,58.13600132050158
5846,3291,29.13467636701
19079,9007,56.22632981477034
9412,4808,29.601036601990018
15181,7271,65.15056423929093
12097,5972,79.2136512149201
9482,4833,60.71232794766547
17335,8261,55.596494189128634
6845,3696,52.611184317631
6239,3446,42.20101103882757
5367,3084,45.51628302073573
13227,6473,71.91429788080063
4975,2916,66.0107363034208
18830,8917,53.92211223020229
5692,3223,72.93689006914815
1140,1084,54.99398739066589
2131,1636,90.53825554288971
15350,7357,78.75103930559237
617,685,54.63204268239349
6868,3707,62.21105045233577
18670,8837,36.08745248030965
10840,5419,47.65864148061809
9235,4741,72.08962616267388
8424,4342,41.6313318370112
7264,3857,59.157034439130825
3157,2115,46.89022908990046
5457,3132,63.46079286516533
17315,8247,59.324396350294194
8311,4303,48.126439221860835
18730,8873,49.37523938002698
15942,7635,49.52738424649186
12343,6066,58.49701349268571
20849,9778,152.3083426839636
5110,2975,59.63709634026611
7690,4047,130.9854572254984
15624,7499,41.35250104171456
6344,3497,41.53208309237351
15468,7422,48.10357483471614
5400,3102,65.45554572642777
11266,5624,32.4920287691026
2116,1625,55.31968549765662
21321,9987,56.354652929884764
21266,9965,149.7135976181857
8158,4227,51.11010481209257
19835,9341,66.10118590052787
1601,1385,59.51536733792119
3156,2113,58.05554577861619
13653,6629,92.02090447387582
2638,1857,73.80208054289608
5344,3073,102.79900233123504
19179,9043,61.06561771220396
15194,7275,54.047264263677164
2899,1988,75.92650241482391
3302,2180,80.99507949888692
10005,5060,25.84258758098872
2533,1813,51.56712525149976
4988,2921,53.92135292931704
11655,5803,62.67570982351015
20424,9601,68.18916281258026
10739,5371,49.66634916003335
1502,1336,55.08124534616684
18663,8834,33.60168972393353
9192,4711,30.091837407231253
3288,2172,54.07631855408431
11165,5577,1021.4751731000199
1413,1284,59.44458536583113
3276,2161,53.61978210042457
7574,3995,49.36553894785396
984,981,31.456472720347335
8668,4458,45.17333695452544
19764,9312,41.95374971845098
4521,2717,54.53209143907122
4674,2786,32.45152319888291
11531,5734,68.67033557350248
2563,1831,1.2196616251557089
21309,9979,41.585810589543996
986,982,43.224930791062775
5173,2995,28.452349421476015
1726,1437,73.43416899256545
11342,5655,40.746835609033496
6624,3612,38.340027992846956
15278,7321,39.90418973006507
9559,4868,115.7612888542181
20168,9481,64.14872359289512
4859,2867,68.53372166256645
5308,3049,158.11897114751696
11452,5702,57.257320077261625
17667,8409,48.240669856130694
17467,8323,40.723556173757515
7828,4113,43.137104843815564
262,410,51.148236279272965
20948,9836,53.71055974086988
13083,6401,27.270046026194166
4232,2584,68.39638335457573
7769,4089,57.55497908830341
8324,4309,35.849780482400774
9170,4697,63.08932035983486
4650,2776,29.02934479178441
4016,2498,54.55623072758482
613,684,60.102100134010584
15533,7454,42.70418479895238
7808,4106,40.610580200674804
21192,9926,67.11651745335269
210,365,54.16047918240895
14732,7060,77.26092486671564
5604,3190,36.66660673573671
9776,4952,31.98759983505107
20616,9688,52.849582302801764
19908,9375,29.529368688426416
8471,4373,52.66157618448079
7420,3931,50.84461169220464
4965,2914,52.61038318122348
20771,9754,47.71232526970908
14616,7003,48.49930077258733
8168,4233,82.73628175300337
3351,2210,51.491867496981115
20812,9766,54.171864410408546
13540,6594,78.5874765521047
2847,1951,48.56223170133342
11360,5663,48.118799575827666
19396,9141,59.189441393877644
14044,6760,36.318255033003595
11820,5869,45.080439194026326
3699,2354,77.23574490607433
14194,6824,54.74667272843351
16563,7915,45.83600997636813
9161,4691,35.083854668532126
9088,4647,94.91455666814664
18525,8780,471.6782763689023
9228,4734,55.60592341045026
17954,8519,51.24876234957668
6148,3413,61.765058536226945
11060,5527,58.16953512819248
14563,6984,71.70748914017008
8197,4244,46.46344087749992
16086,7706,61.75215990902922
644,703,52.84719816101199
9096,4656,66.0643526558556
8036,4182,40.667015297382704
21257,9958,41.02418102211362
1861,1489,56.19273063410873
18271,8658,96.53343786744938
18687,8847,59.38387281552866
20010,9419,47.23987484453363
9315,4776,30.476702333823255
17819,8469,57.528485211594614
6408,3522,35.27532756390019
9669,4918,58.28157521954989
13608,6620,88.52767631562006
17891,8497,57.37459912240422
7572,3994,65.05422675003263
11997,5940,59.559140682286966
8472,4374,45.372920787965995
6084,3381,36.12530717113566
16644,7946,110.88666814381719
3553,2297,83.23055015678301
13131,6422,36.07984467281722
14537,6974,31.218364484533936
11650,5799,29.248515853707318
14695,7039,42.01267272965072
12133,5988,40.629874880237196
4160,2553,33.74489296844183
10534,5282,97.0273956836927
18533,8781,29.3546435920548
1201,1123,39.77325859212749
3319,2191,52.11279830909086
20856,9781,62.41257768120647
122,280,-80.03675951713603
11685,5812,47.709569032910736
9962,5038,46.97559853114308
21098,9890,41.9231151705614
10621,5324,43.67166727629109
15954,7641,169.01457556085336
19701,9281,61.17428919912544
10093,5098,40.49815926459064
12659,6218,45.760036118533094
20484,9631,66.3596695733786
17065,8134,74.48873691943066
6560,3580,43.18568527016049
5019,2936,63.655041955302465
8459,4367,77.56528336326096
19310,9099,45.47546707585633
13054,6386,65.8103805954596
2521,1804,49.46382898962264
12706,6238,33.30484293625483
4362,2647,52.318341643922054
16572,7918,23.80717770503105
17641,8398,82.10618997703017
13091,6405,48.380378598357765
2284,1711,75.29604278829459
5703,3226,44.161972698567695
9006,4611,-5.8722873129686946
5257,3022,157.1736587965437
17538,8357,13.846444069212566
17863,8485,50.57220429889975
1610,1387,36.60419621027876
10100,5103,58.42451599379626
14964,7172,30.378043523628435
5747,3242,37.66854802270535
917,915,65.06371416780286
16484,7879,50.002855879710296
7934,4150,42.85873626403128
12527,6150,33.462864806136224
20190,9496,42.75574782907961
16613,7936,56.17197721187421
15099,7245,42.807835673270176
8881,4554,40.05487269162916
296,441,48.76212419515383
10046,5075,26.819118977014853
7482,3960,51.977475825131364
16436,7855,38.54557097467767
17508,8339,34.15040134592681
20235,9511,22.639128443609764
9061,4635,44.34637975304355
7780,4093,50.98794725762269
9799,4962,14.763496482429332
18717,8865,127.53801063739911
8607,4445,56.811664684305356
15262,7312,48.1804204606708
4825,2855,67.14764084417953
17090,8151,45.781304777157175
1041,1012,42.77131776475392
16587,7922,64.43901789791283
20048,9439,58.866071173087505
14625,7006,20.677952334582017
21150,9911,71.89152636429588
2025,1585,40.38190299817671
6630,3614,160.84639826989076
7613,4017,39.36829260925066
9666,4916,68.81060755705482
261,407,30.970221565025724
1341,1243,40.81423938655365
14479,6944,53.15345356941401
19233,9065,74.07125702855569
7248,3854,34.64435828825299
17326,8253,72.69596092786281
8745,4489,35.256406935589325
12696,6233,33.55824158828426
3603,2322,38.02147157215211
474,583,59.15043047966333
1056,1029,46.69358707921481
2592,1842,50.56695988752779
18096,8583,36.97006933168382
10087,5094,48.88695958174378
5505,3149,44.51609317245425
7418,3930,84.43017097251175
15894,7619,44.416037688422705
9343,4787,49.809190029751335
10413,5228,59.15733322937257
2211,1683,52.07053862050998
4556,2732,46.62330338236728
20857,9783,-43.22160455371852
17479,8327,29.69505741729637
16000,7666,60.59604655033536
16841,8035,54.64164157097753
17240,8209,55.83191388858893
5227,3009,42.026329513271094
5437,3118,44.40059059481939
12025,5953,49.500468827044244
5623,3193,46.428278055109956
4861,2868,55.804679988245255
17936,8516,46.91444627590073
11797,5861,40.557189229764845
4094,2529,52.97079909079838
21302,9973,40.35968105075824
15542,7459,17.553469865843454
502,607,32.96758702773968
18339,8689,57.077833310143035
17506,8337,69.34195656068266
11425,5686,59.82404227280864
20956,9840,42.68440405299009
9537,4852,34.54646000840148
16139,7728,38.891143478519325
11913,5910,56.757604824002954
20453,9616,54.739572268014115
3151,2111,36.28701585257892
3878,2431,42.9414169410868
9605,4894,56.89270363455023
13353,6533,60.17476368580037
7194,3834,58.60880899997176
16530,7905,48.664613079750325
15498,7435,43.71462781258634
4643,2773,42.48610189876308
7697,4051,58.891031037707876
19544,9207,163.94864955278246
6593,3593,45.77169260618433
4697,2795,58.018494877028104
4554,2730,73.31252860691365
11276,5627,83.99980664657954
16396,7840,55.809048981372314
12511,6138,47.291635388280895
11810,5866,26.888110164575323
16720,7981,24.221184704478333
6497,3558,30.068008447527973
1123,1071,46.04910111916473
15198,7278,65.64323250336929
15379,7378,72.99503741124283
17871,8489,69.85330091058734
943,940,52.70021479129298
11464,5710,74.25018347403358
15169,7268,61.03963101461392
18995,8976,66.57794816623726
11865,5883,62.39664616206272
5029,2938,490.7632605449613
11632,5782,59.945974612457746
20863,9789,49.43044224558105
13232,6478,33.13793229802326
15385,7384,27.989046311378388
18183,8617,68.98381013256409
2838,1944,50.506731097481406
8306,4300,68.57572496905459
2465,1781,43.11669209783105
190,342,63.692535867036156
3335,2200,18.24917409012312
15710,7527,45.72600899099575
7596,4008,122.23389088486795
11030,5514,68.5020982513418
12783,6281,53.94656474301348
12863,6308,154.8307661859651
7544,3981,45.645321764867504
19634,9248,92.80050034393872
19923,9383,36.75769908875208
4809,2849,59.52401063145089
19479,9178,29.58856271759396
16272,7802,54.786163911318
980,974,57.112691533229395
779,799,54.2557336193189
16482,7877,43.11290887672425
10147,5128,43.494395224247114
9733,4940,163.95745683428163
7933,4149,54.296324784735134
16240,7765,54.04925414188483
726,751,45.726913631784726
12001,5942,19.090502731629385
3502,2269,61.40684191563662
12833,6294,60.72563164551468
4616,2766,45.02760130953499
15452,7411,51.207354149105015
20280,9533,54.03037520834488
268,418,72.54771145522034
4881,2876,38.470407545020294
969,960,44.35149345126871
16075,7700,23.320256164482373
18601,8809,40.38547618392221
4664,2781,112.28690939084828
14571,6987,104.29045874353875
3975,2480,43.641166749358035
11554,5745,82.09853341240608
4275,2607,53.27424211131995
3605,2324,64.49295221298178
20422,9599,68.63400227794409
17691,8425,47.218676329064124
7789,4101,66.86582574184257
4798,2842,42.299376872309495
3510,2276,61.34795732106397
19428,9153,31.573162527672082
17908,8507,230.72020874303638
3766,2387,65.49817243150437
17522,8348,3179.1760587802373
11269,5625,33.46611867924719
14452,6928,33.69934937330015
17376,8279,30.71734115201997
8117,4216,52.19572080008305
12887,6323,61.330495490840235
16745,7990,54.95528779561596
4548,2728,36.61869692219415
7772,4090,53.84755948750893
17711,8433,56.93238897821175
3297,2175,58.14689103500939
16594,7926,44.27826034889097
4335,2636,65.39851923209346
825,839,52.61751160903111
19483,9180,62.410668201099156
9894,5004,34.65779012022631
14358,6879,76.92018120141665
14411,6905,53.753981903346926
2383,1752,38.25665233982642
9887,5001,61.178169381789814
6312,3482,44.57325290851139
15912,7626,52.57718868435586
2549,1825,44.08316309716241
40,150,44.38755304336809
8889,4557,47.8077238069169
11053,5522,52.60194497858208
3522,2282,36.72543745162767
17524,8351,38.066265312463486
20,118,56.96951035727352
13975,6730,37.90973496913182
11960,5922,68.14621560508635
1003,994,33.563980167786724
5246,3018,61.527480287456
17112,8157,40.77689236127418
4718,2809,49.224938222613446
10924,5455,69.99501534294984
17752,8448,49.698828516602134
17799,8460,66.98732835153697
7664,4038,56.2642643067511
6682,3632,45.541139055376675
18681,8843,53.37134368936523
1019,1004,48.10539303996552
11418,5684,89.2764667351787
4263,2598,47.15343498187178
5777,3255,39.16205454810995
19905,9374,50.60633265893449
19562,9215,47.770884100399826
10072,5089,67.23069483429884
18106,8586,60.014952909595536
19990,9410,28.307467841782
1864,1492,-57.75233548103478
17686,8423,19.61631843153009
8095,4206,59.541233494540904
21103,9891,55.291621932089924
15206,7281,54.76618556860865
5325,3054,45.53556980422309
4296,2621,55.47054608758992
18157,8605,60.463793214205
17066,8135,40.974294728836526
21014,9856,53.18188671828642
3702,2356,144.65400795087152
8058,4194,38.93170055609761
17042,8122,41.4660864164465
9485,4836,60.96320847603124
16330,7823,48.28717055075026
3602,2321,47.33830130997876
10085,5093,71.52438101684169
13183,6449,48.579451686209154
11197,5590,44.12585933105845
6190,3426,66.92705736215487
20087,9456,39.967444827084705
604,680,53.358230839187854
11637,5787,82.55128099504822
17088,8149,47.103671547555905
6728,3651,159.13655121922125
13740,6655,51.89546065869462
4497,2707,15.943703301914013
19193,9049,109.3911856964441
11980,5933,58.427111625388534
1271,1185,83.63282786606266
9307,4771,52.8789841958386
6501,3560,66.94411707873627
15429,7404,56.28484145802622
17971,8527,105.97216027316239
16815,8020,52.08178772854359
19788,9320,60.18525558390792
10206,5151,49.33658497098355
17206,8192,58.381279213994674
12522,6145,974.0552908941254
4533,2721,94.9120466555147
7483,3961,49.40548982324742
255,402,65.07499351768303
9109,4661,88.15206144784344
10959,5465,38.744970224459394
12694,6230,51.865615227161584
1253,1178,44.8966000090345
15238,7299,81.96219709386082
10661,5339,36.95296099374218
19598,9229,54.91536169699475
10348,5202,46.79985262160784
19685,9270,37.791933824492446
9397,4803,53.95986844086309
1787,1465,43.26159027008458
12715,6248,50.30670851440766
20596,9681,63.52710772952946
11782,5855,56.31889708575824
20502,9645,50.507965507872825
18644,8826,57.192928060671704
12558,6167,39.776108010758264
15969,7647,45.88297529743363
18068,8571,54.450311475505146
11713,5828,53.74437992436799
9087,4646,31.98624278285058
14943,7162,212.86861742971197
9822,4969,49.63441757860795
571,642,67.02995307060007
4436,2673,70.42098674383061
3278,2163,50.75262658790376
2219,1690,49.15736950307962
19594,9226,60.63950181700591
18409,8720,120.94332396819732
4070,2520,84.51342899332906
12599,6191,45.32271158368252
19086,9011,97.37376298556455
13286,6503,33.173070619756004
16722,7982,65.67431143921795
6485,3550,43.85339995512015
1399,1279,32.19790913919536
11504,5728,34.414731953512955
14847,7117,53.726511597132
5382,3094,55.469867841396535
15612,7493,73.58288978169315
8048,4188,62.0500231859358
18493,8755,53.655511922984374
14241,6833,17.633583014871476
14635,7010,53.13559939017949
5902,3318,67.46295381659218
4393,2656,71.41997888154748
9406,4806,-12.275460988199825
2761,1910,39.801082365938896
20359,9565,78.34365156394011
10420,5229,53.51763669449048
9437,4817,59.399341791323025
19734,9300,49.71848518398633
14989,7191,982.9093663258968
13303,6509,56.48546552112521
6898,3721,76.63167577012052
9674,4920,42.2681312698233
18159,8606,50.18539896829907
15276,7319,54.55793138200812
8686,4465,31.131116341148413
10255,5172,55.64453876425813
4526,2719,59.18330068047692
792,812,49.13219850324634
9761,4948,57.13920499458527
699,730,44.74565357298701
11212,5602,42.86620593725638
12883,6322,48.8564315353932
12034,5956,33.5735232364338
11720,5830,61.47288795807259
8092,4204,22.32010258713143
15960,7645,47.053329358238045
7871,4125,61.00075929758481
20851,9780,59.78809275027879
9910,5013,66.91936786423753
3588,2315,47.032440464572005
1134,1075,15.239629235886753
2245,1698,58.21670243457504
897,900,52.06635397036416
5431,3115,70.06336343960095
19965,9400,72.63349884695634
582,650,36.114397409644994
12793,6283,46.03455988526707
8088,4203,58.38213031402245
7279,3867,52.11848264486707
15294,7327,32.17549936704279
1441,1311,35.47540292557187
3988,2484,486.9190740083642
18350,8693,36.807459640417164
18166,8609,42.72549478773408
19260,9076,18.155492298231707
18345,8692,86.44564492714619
19675,9263,44.123981720813845
1997,1564,52.8920179862543
11760,5845,32.67753813826704
3682,2352,42.28470894400391
3369,2220,41.464876395816646
16607,7931,62.76677549164572
6380,3511,82.63840233302847
16699,7970,56.73010331159111
6858,3702,61.90385357169038
689,717,38.20822405498694
14329,6869,43.14444906893061
5720,3232,73.1987048158419
18639,8824,46.166617247698184
10985,5483,63.346347728941964
1456,1320,73.63315475140422
15248,7306,48.521539906066664
10172,5142,31.189561944301886
4423,2671,44.28850834731668
15925,7630,106.8870522735753
13671,6634,196.7815372003268
12040,5960,56.659450049996565
6037,3363,125.7438601063194
11461,5706,63.45656192662187
13512,6584,45.01396893302058
18217,8639,55.23629474285764
1044,1013,57.15591070213554
4673,2785,11.823873577030383
1004,996,30.48744223515064
12671,6221,32.75265884443502
6118,3393,463.8098607263451
18584,8808,97.44062964815794
16441,7858,63.76283391137008
19897,9371,46.638109899594156
8248,4271,57.20994998564595
11164,5576,50.74785897841082
2217,1689,59.361715796772444
6946,3743,57.20694868494286
18720,8869,86.24973730579768
11037,5516,15.061832000536185
10964,5468,63.142532187206484
11057,5523,56.74600453190175
20081,9453,36.522881069768005
6656,3622,88.00133271694699
808,820,48.03416003348656
15397,7389,51.645550348249856
9568,4877,43.24044243021194
9867,4993,55.16518109403546
20477,9627,30.72308520081208
4260,2595,34.52230165708767
1776,1458,35.30842188877796
135,286,77.73792741860012
13457,6569,38.62626494894994
10749,5375,62.02111981844837
10626,5330,40.717901451521925
20365,9568,50.40570312704392
4266,2602,67.12096108385322
20208,9506,59.56606383736846
11840,5877,57.49051145278719
7620,4019,59.50338957843047
6541,3574,42.931011416056776
20164,9478,60.64947764308545
1254,1179,50.24258264489487
5525,3160,98.02263189254279
2438,1773,43.6852569647254
1226,1151,58.625236499116
9955,5028,47.844276614386274
13621,6623,32.826865783003655
1285,1194,58.13535460695999
19473,9174,62.58615096757285
1276,1187,58.05335985024237
5735,3238,37.260369786246656
6091,3383,44.993452946886464
13971,6728,47.353654592042346
10603,5315,47.76812592868464
5464,3136,79.45784203899433
10066,5087,30.249749958721395
14461,6933,43.15454843866672
9175,4699,50.81547985696528
3189,2125,48.01644700358554
1875,1502,48.645776957729765
12584,6185,60.48211658260351
654,706,81.34116335765003
16492,7888,62.51897445982763
18718,8866,45.534557635477995
12357,6072,56.7151481004326
151,307,47.05356160540498
3353,2211,64.48339069268843
6542,3575,69.9662598193363
4155,2550,153.955924099051
4647,2774,31.60896721800509
20959,9841,55.83513146153342
14899,7146,36.21730498626977
12542,6158,41.39863933517847
18090,8577,59.439954346002025
5592,3186,52.905835911106465
17570,8373,69.27370748323028
8582,4432,65.25759205429597
16382,7834,57.55087242137546
10197,5150,76.5054519095608
16531,7906,74.2099045154149
10021,5065,43.041129618521836
9975,5044,35.55717692111955
15848,7594,70.3135165863394
14542,6975,42.76168809215329
11958,5920,47.30739680485647
2114,1624,53.65167913424682
16673,7960,83.94808671748251
8694,4468,47.13136615948599
13668,6633,98.45929716572334
13250,6487,320.2351715314093
4999,2928,39.16026192149104
1522,1350,45.24969041820299
11013,5498,39.09331438015437
1660,1407,40.039652749705965
12538,6157,59.42995565014928
20523,9655,45.628142474899846
1906,1518,33.29802829338723
4297,2622,59.51056017621778
2168,1662,31.69345591784395
12509,6137,178.5861375648955
12991,6368,66.17966084759189
988,983,45.47160794211169
895,898,59.40009017423256
5300,3047,43.75427730819092
9989,5052,42.07201320360787
19851,9348,57.998969924668074
12414,6095,74.97832057411415
14042,6758,50.43387228938582
17351,8268,51.31836450544324
15138,7255,39.16574010861018
15826,7571,31.157194871755905
2632,1856,41.3524171605643
7794,4103,67.59514814592694
18022,8550,113.53695976631747
7463,3954,45.844339064579685
13861,6696,55.343150863919334
13356,6534,52.88494107263591
19957,9391,53.736921640959
1118,1063,55.9806624763321
15359,7361,74.79575006282681
20039,9437,36.098586147308936
17251,8214,61.18758115172113
15698,7525,66.78249139003572
8087,4202,12.478837573387182
20273,9530,96.16106199890015
16418,7847,32.848219159507835
20070,9449,46.440715017256025
10062,5086,56.22176076118956
19280,9085,36.4880016501271
6806,3677,105.23702402456263
9311,4774,19.283472462194936
14047,6762,33.28976042708075
7310,3889,74.28533829149677
20704,9719,42.44948503789527
374,501,45.369997370144915
1379,1266,39.81177492783928
9157,4690,48.98339890584435
8765,4502,53.91313148571351
17354,8269,43.987950971146006
5591,3185,35.614962328747026
19286,9088,35.861521058216
2866,1963,48.195012395128686
3892,2442,26.352858827747013
15570,7473,108.59040637076407
1286,1195,46.84447785323749
2580,1837,53.97295427203602
11614,5776,49.68451243904315
7101,3800,97.81096553619739
13189,6454,40.83619619411377
6368,3507,120.38382897121403
3549,2296,40.52269016363664
11325,5644,63.25494034274948
11208,5601,74.00507789854771
4759,2831,65.08105578571605
21274,9967,28.383696824694084
13993,6742,51.520325596695216
9197,4715,29.855732413698775
17958,8523,47.29531785503161
859,867,67.9189799710228
5639,3200,44.76850152036292
4495,2702,43.099313311834635
20630,9692,37.25137241493792
12578,6179,53.240661849641185
18396,8715,43.98510920244439
21157,9912,66.69337659610073
19661,9255,60.52546612922248
3329,2197,44.52444512277714
18100,8585,53.02937754456684
18176,8612,66.5858971437608
5915,3324,36.0465340604232
1691,1424,42.1876607721253
172,332,44.1825720572736
14022,6750,46.19927447059615
2374,1749,58.3916105092278
8215,4253,49.568223977381706
13425,6557,55.05249503827349
13223,6470,53.23560350450788
13374,6540,70.34453053002039
5419,3110,68.83643354131476
3925,2453,52.210156977485894
3570,2309,40.074277189013856
19081,9008,58.66942839505373
19502,9190,43.203628785470016
20505,9647,41.15673166661446
20655,9707,168.02610377316057
18060,8567,33.03831586911633
17956,8521,43.723544839308374
20918,9814,42.29181638158235
7110,3805,34.236708672643545
1246,1171,40.593569354521264
14915,7153,55.73295536801112
1618,1392,57.867988010253896
8594,4434,56.25419734896502
16929,8068,91.83359012920221
4752,2827,42.81801640229048
18799,8904,38.536179463734754
1291,1201,33.63601109335792
20862,9788,20.483956882835173
17875,8490,43.52332993361051
17669,8410,34.823168245310455
5016,2935,26.58651867820447
11489,5724,53.71069430324866
14522,6966,52.32234852384681
558,636,50.84577459305615
17455,8317,84.69952451054297
2408,1760,49.20661197147837
17921,8511,62.62433731522157
18912,8936,40.704083526669706
4279,2609,33.58490277655551
11314,5639,80.97312582482351
5687,3221,25.44219574332567
5886,3313,116.13767218485663
12230,6030,75.5312163414834
15409,7396,27.617128071215404
1529,1353,51.90547458461032
16504,7892,88.6045790160091
2125,1631,52.75614301977015
10439,5239,58.696170058582425
14825,7107,62.582892884224805
1631,1400,52.86817587389419
17924,8512,34.55760088173531
6771,3663,34.15224837660048
19165,9041,40.50336854638829
20022,9426,61.83814916386524
2774,1915,55.62042032274991
10494,5268,80.35038194486248
18050,8562,109.9438819536208
11826,5872,32.70231809535869
20825,9768,77.41148527351737
11463,5708,59.79825581111663
19480,9179,47.34579043455011
8799,4517,61.873701407169676
11878,5888,56.046844971707344
2835,1943,31.091407170295213
7289,3873,160.00355917400776
6467,3543,178.81213182862965
16806,8015,39.725240291028285
43,155,41.20064769688065
19252,9072,51.483312103404614
965,952,16.889978623937736
21143,9909,461.0275532691737
15187,7273,99.02567671863454
3515,2280,51.16238629643004
4349,2641,59.380167254238984
7611,4015,77.54060872416136
13337,6524,43.14413217530068
13487,6579,47.50284110340186
3655,2344,98.95856389054211
6952,3746,81.23761177830346
10058,5083,49.600919776249384
13490,6580,54.389469344009285
16547,7910,131.66136285388654
17689,8424,81.13952830373461
6985,3760,108.19311106704987
15371,7374,62.83931531449974
11436,5692,45.76078751154802
14181,6819,34.82565782776078
4210,2576,71.94266592854513
16216,7757,59.21554208673899
18384,8709,24.049964491089156
3996,2487,60.34183439852444
15759,7551,70.63966659609287
11966,5924,78.87708372863892
7390,3923,61.84955032561754
14669,7025,63.68495941943257
8531,4414,73.30351091906175
17737,8442,56.01171663733476
14884,7134,61.95694510460186
3129,2102,58.89158724050901
19617,9240,62.015365006505306
13754,6660,62.005202902836686
18882,8924,53.78826061701278
4327,2634,60.84526153011552
20016,9420,85.66468461689112
12601,6192,95.25118724700769
3065,2068,57.6257162852508
18028,8556,45.01041803577823
17006,8098,34.883353960319596
2064,1600,60.43705321844868
1541,1360,44.55602541848532
15888,7611,34.40540258037146
6540,3572,40.345316903011394
1935,1531,55.642898107490794
94,252,61.046868876306064
7352,3913,48.34759051025344
127,285,61.36855747267151
10015,5063,37.653111231479556
16523,7900,48.44449973801852
2915,2000,57.07693734989334
12011,5947,57.61793583203428
15997,7663,52.97766990837653
18723,8870,123.09383372243497
15255,7308,25.80781091407016
18576,8805,128.97041847613912
13068,6393,45.543172874357936
20360,9566,69.52903168705188
4481,2691,36.69390172058047
15871,7608,58.855802893993825
6796,3674,60.20439132057356
7491,3964,53.061682528402
73,229,45.69513014083941
10689,5348,54.97325706014044
185,340,82.12951674793038
3159,2117,81.82291984003842
12150,5996,41.29999283582782
11836,5875,50.73898362138175
710,744,73.79135471945403
9206,4720,58.30474272491301
19214,9058,70.76314428031799
9785,4956,59.723688421313796
13195,6459,141.925725805975
9229,4738,47.74190724922266
14287,6843,44.97818816949291
2927,2008,49.23671831213221
13906,6711,79.29757076650759
6838,3695,60.215644998871596
4313,2631,-58.473087266794494
17062,8132,49.37267405117012
5426,3113,64.31671189562474
5513,3153,62.36838202929829
6986,3761,50.819292513457185
21265,9964,63.95947320223172
6590,3591,78.19315284782448
9021,4622,52.417269105882156
12408,6092,42.31173522105155
10833,5414,67.09684804603927
18693,8852,52.758326613345844
789,807,34.19334273730226
5646,3202,57.64593620288713
13724,6652,43.557908684755716
7791,4102,62.5250094772083
14730,7059,70.21769927214746
15246,7305,10.200957114399898
8937,4583,107.01389996051455
4832,2857,73.2724258923322
13269,6500,57.90027983531894
14606,7000,53.0122874818984
11778,5851,45.68689157926872
15683,7520,62.57578961056004
18950,8950,40.83597357588843
9107,4660,35.43695027562717
1909,1519,63.606681593585904
18922,8938,86.8142598586357
15593,7485,140.68270857337666
6361,3502,46.69737123084741
920,916,69.26346925033624
936,924,214.92793980209927
18380,8706,44.28505006308427
9814,4966,60.925917697134594
15736,7536,51.84745476829886
6668,3626,68.47786465893688
5779,3256,79.94983421238834
8401,4332,43.153227261982465
1950,1535,54.27485340381713
18015,8547,58.44353894685082
14191,6821,39.03607441176041
17885,8494,30.58261419381364
748,774,37.85663220497787
2343,1743,52.76808382567128
4100,2531,62.830205503453044
3082,2076,57.69773061632583
6973,3756,62.77973151254241
2945,2023,37.05744850189433
2449,1777,130.76963231537547
9179,4702,73.79407036317394
6428,3530,78.40481920416897
800,818,25.23276717238872
2736,1897,70.7148330282883
5194,2998,42.50519908762004
6875,3710,43.04238075467231
7136,3816,57.023168555019254
10702,5353,53.10064702550801
17063,8133,65.78907517535362
20581,9673,53.8283138060695
18241,8646,46.634268904078226
8868,4548,55.67419285598112
20744,9744,35.31372225191291
4114,2535,50.717255241678686
19159,9039,43.13248540707707
6901,3722,94.0955308364538
6606,3601,-26.402130070878115
7507,3968,38.1406289611229
11669,5811,39.64520845178106
17972,8528,62.26042094629037
10434,5237,59.09172104072263
5273,3030,52.60766098663714
10545,5286,48.03977799009681
12514,6139,70.87102916420076
13330,6522,41.912034478838905
6872,3708,40.8691996749601
17575,8375,46.208895876416136
12116,5981,49.93589284525166
20634,9695,56.31920389872448
7056,3788,54.523061208216745
5295,3044,49.26730848524318
18402,8718,58.09141826456482
3308,2182,46.23829400216465
15829,7572,52.85044565012481
377,504,43.14618387509813
9880,4996,41.65450019415249
15079,7237,63.02011007949335
12855,6305,57.38761203960212
6218,3439,33.314374584472716
8284,4291,88.29016441559895
8222,4257,61.91968243958263
14553,6979,63.03475017342316
14992,7192,91.21617305867619
1772,1456,48.164615820634765
217,374,82.8561262031431
4057,2508,61.32683506184094
4271,2604,69.16576907896746
4685,2789,54.55931430990262
6458,3539,42.32894791997302
15843,7592,46.96987168647183
11879,5889,47.86232358589075
20330,9548,56.158074574649675
450,561,161.0728229712575
21220,9943,50.155598264282105
17471,8325,47.26213943735138
1317,1224,36.70430535789404
12500,6133,43.085209211662345
12594,6189,55.682052653564654
13078,6400,176.5773490359178
2447,1776,59.432468732054645
15239,7300,39.189534412737885
9890,5002,122.88311867856697
11311,5638,48.91270865415078
4734,2823,171.68743060007682
3392,2224,48.656017161681405
14772,7075,28.50326385718381
2453,1778,48.33810557820601
3430,2236,45.78767842766854
2538,1814,32.6371688002659
15243,7304,74.66733916961266
20114,9465,54.67967001435528
20358,9564,39.43739900067544
5633,3196,31.147519641005943
3735,2374,37.4401271155632
3706,2362,68.79426831189068
14138,6803,19.277470315078688
9435,4816,67.53992786091692
14655,7018,51.44720474350703
13070,6395,52.88658726597299
8483,4383,59.93091198486843
11071,5534,98.14815998699606
14974,7180,81.5240485989728
6717,3645,54.35192373366726
3110,2097,80.32955561235701
9071,4639,87.10891256414112
19845,9345,57.53439073783085
1049,1015,55.09243744325363
1316,1222,41.31820623560009
1968,1548,39.67059012080284
521,616,58.94921095978356
4245,2590,38.20468097201922
16039,7679,-65.42428123781667
13707,6647,25.280907159924084
1250,1175,52.82155770904967
11771,5848,43.589409450441735
8545,4425,38.33950250871186
2706,1881,39.0294931978209
20001,9418,71.72294263920014
3795,2397,41.90022299282077
10809,5399,76.38694023001017
18747,8879,67.56153007457198
6532,3570,77.74249193735193
12224,6027,62.81958187404189
19814,9332,104.61815572884916
20392,9579,22.38825972930408
302,446,46.71204476013531
6951,3745,33.15073805332986
16736,7987,65.3503575041716
20186,9494,75.26516291902345
13851,6691,14.75152189698008
8851,4541,29.392437964676333
16131,7719,50.46637663384291
17477,8326,46.104415269026276
9223,4731,20.539197262627624
9529,4845,46.82166058080247
19332,9110,34.35738388341542
411,531,34.4147599493196
10504,5271,59.08997852649651
11260,5620,60.75601742183915
8126,4220,158.9608906096883
19153,9033,30.501898044930613
14551,6978,91.1238923991308
10675,5344,38.01793027301812
6950,3744,37.03349020856325
13064,6392,65.06077430843874
4871,2873,75.74646644162635
5765,3250,66.37785136388601
9126,4669,60.9848510410435
11935,5917,46.66589642937777
2443,1775,49.929171576890724
1333,1240,65.89107099890884
2700,1879,29.681113690631832
9548,4862,51.18917947330601
8526,4411,44.88761809724451
16026,7675,45.50693117430109
8166,4231,1.7642268495144435
7694,4050,36.51118433345715
2417,1765,52.326844170448624
1063,1035,53.53168494341992
7937,4151,18.36831480045305
3260,2154,55.04430153315775
7627,4022,86.54909317347222
6261,3457,35.2739799910608
440,549,84.22125042830038
1144,1086,71.62513709186004
4063,2511,39.54633380466737
13297,6507,49.87558645432881
13770,6666,62.925732844407605
372,497,53.49646196220806
17888,8495,38.701442056370695
4120,2539,22.820892524904593
1243,1164,60.3911021109688
10756,5382,51.90218924605978
16782,8007,8.863432008503423
4564,2735,44.534902329294255
16510,7894,32.17819186464652
6719,3649,-21.02472640029606
12841,6298,54.467151507668746
18908,8934,43.3538406930777
1624,1396,47.11229093780514
12520,6142,44.8467107630745
19651,9253,42.261837031504285
5908,3322,93.17942782568656
4489,2698,73.15548029776966
15228,7295,72.09421433887314
3853,2420,36.04813887299008
19913,9378,49.84912043466812
4261,2597,51.90478287490157
14517,6963,58.45890808372076
19431,9155,44.58922102446928
4452,2679,44.03499991773009
20377,9572,66.39933817414862
16658,7955,51.14355261801791
9112,4662,35.67568140457672
19145,9029,59.00699155033686
12426,6105,28.98701103094561
20451,9613,66.23183328197473
9276,4755,27.897611743852053
6866,3706,40.83521891212803
9373,4797,57.1187253180488
19973,9404,42.90260079443755
16341,7826,54.94577581592364
8764,4499,54.71112329561015
6386,3512,44.02733225643101
9547,4861,67.61959744074659
19993,9415,74.97946642635827
3842,2414,39.796948010416884
1234,1160,15.36725172228114
833,845,46.57230848011511
7332,3903,31.16537898292239
1944,1533,47.94427307350509
5092,2965,29.897548574430346
8436,4355,42.66340471714125
16096,7709,50.311563267010456
8152,4226,73.86642803060397
11933,5916,64.56776890897288
10488,5265,45.891216743318864
2310,1723,58.618426360930926
7180,3829,55.409045062846985
1734,1440,39.17334775266346
8511,4402,56.972122289879906
12256,6039,43.77807386177358
10652,5335,52.720775677221184
10670,5342,26.552757871227072
11550,5741,57.406032202875224
7241,3853,59.334533731443116
2099,1618,52.23650471708504
9018,4619,82.1530228611781
10269,5179,44.609501554990686
18492,8754,47.657442272712615
2009,1575,54.5632149332464
8037,4185,55.67761342528826
14331,6871,90.41688613588747
7607,4013,40.481057537551465
8014,4176,-14.719563211283969
12050,5964,69.69833528581984
2066,1603,68.1119112871852
4561,2734,51.863670807533424
20303,9540,18.1934493676128
18457,8744,54.021299002046305
18690,8850,46.83526930046031
325,471,52.25223369062934
8969,4599,50.00881736194327
8754,4495,56.58177875274362
15368,7371,47.74275606673393
7782,4095,53.12650427053586
12929,6346,35.461490867850955
19979,9407,19.066001321812166
2600,1846,77.73823621235704
10048,5077,29.585386218390397
17120,8163,36.241559652043975
5535,3166,48.04239731834423
15608,7492,31.966347858130064
8016,4178,1023.1064738384546
13177,6447,62.95207008303646
12976,6361,61.38515243605997
9402,4804,43.41213062650462
17266,8224,51.579365558830034
15564,7470,31.71655963093758
8935,4578,49.0477083947377
18482,8749,42.81128415208326
4440,2674,63.35839561827453
15671,7514,44.49515054641341
8266,4279,54.82223588555604
18633,8819,42.863410066847564
17181,8185,51.280062448075114
15153,7262,96.96469811731936
321,460,70.40088412974535
85,239,45.04418340918426
20760,9751,31.076284912050994
6407,3521,50.26087792572338
13934,6717,62.48110650708509
8052,4189,45.25868105800555
2234,1694,53.92744760721854
16847,8040,66.56764459209916
1719,1435,26.33782116874073
3686,2353,85.47272457127286
17127,8166,51.436717786427664
16785,8009,43.41550688268313
8491,4392,43.149015129194936
18318,8680,49.01993161038848
1607,1386,42.95406066198558
16498,7890,39.44738833142344
5789,3259,75.82494726896255
19763,9311,74.14115454201857
5220,3007,82.28320874717082
6714,3644,64.83107319071644
20490,9636,58.94101783185545
20840,9774,77.03093909579059
15008,7203,53.619149539462626
5854,3300,37.02493495313064
1031,1010,66.5457451992691
12987,6365,32.79488658332582
15909,7624,123.44104003516975
4731,2820,114.19988647945615
19622,9243,46.02158821929385
19942,9386,56.86850833072788
8956,4592,62.77416265237633
16718,7979,46.70410422516818
11825,5871,109.90788585050939
5881,3311,30.63041836321048
6303,3474,35.21613388604612
265,416,229.0735469616603
5842,3287,42.876124506973326
19221,9060,50.116545011957214
12803,6287,61.35254821324753
15218,7290,34.99575443065174
9208,4721,42.238761301566
1869,1499,55.90754340356352
200,352,51.38889716369624
2730,1892,79.00569945398098
9917,5017,37.29331827958083
16162,7736,55.38244284945989
13687,6640,53.55477920393855
14030,6752,48.541498108565975
11566,5751,46.11718849422812
6908,3729,52.40690020268653
2885,1973,23.073887726366024
2697,1875,54.434371810654625
13109,6411,43.828726532507176
19849,9347,50.791029879743974
909,907,53.0480482360241
19593,9225,101.33170579090535
14076,6778,41.317835494787914
1296,1205,43.89367300466478
14307,6860,49.32768591234128
8907,4561,49.87234382372378
13188,6453,94.0543685135209
7295,3874,57.73415019858851
13185,6451,-37.82177057090871
15694,7524,56.3670633125509
14206,6827,47.455217470749005
8431,4348,48.099808453023115
12553,6162,5.19739517743858
14162,6810,47.722128292423804
12059,5966,47.38492097094809
15267,7314,57.63347693558319
14952,7165,49.17701598148619
1111,1058,50.25417295597407
10067,5088,43.947581639715736
16136,7725,40.73867710697834
7453,3946,48.02734247973274
19103,9016,58.977880134610416
18209,8636,54.419139552382546
5797,3261,58.752279465850336
19488,9183,64.71060315151612
6614,3606,55.37717189084333
6802,3676,48.65594828836896
9627,4906,64.74436320236805
16440,7857,47.60952905544872
19827,9337,34.16072779884223
15071,7233,49.92116210447193
19201,9050,42.65714009182409
8826,4532,19.198160862550367
6500,3559,57.15095658704627
3581,2313,41.74909748774826
8712,4475,46.94037484049005
8043,4186,52.69227887218045
18703,8855,40.002490476275284
13141,6425,79.72188587504485
16190,7746,72.6816536726385
20844,9775,102.57932882294858
460,564,41.37076782076667
9675,4922,68.41407773862267
3132,2103,52.25678397524587
4177,2564,83.5261534980047
2787,1927,64.17430599859608
3945,2466,69.54748220362626
7907,4141,71.33673027584655
10847,5422,59.192453680958465
15123,7251,54.454712232637405
1475,1323,55.6455232174585
14723,7054,58.882544479719286
15295,7329,58.380547315544504
19811,9329,21.96727078825859
7733,4072,28.0098077993041
6046,3365,72.66786068777304
14013,6748,39.98314465984811
2223,1691,48.625951433663715
17751,8446,78.7659491567195
12017,5949,300.7509578116833
8055,4192,5.021270706204348
3955,2472,17.806614874513514
4851,2863,-55.297315713653006
20718,9722,154.20252673495162
2782,1921,39.01167220103844
7818,4110,42.47227958414163
10159,5135,80.72810304956795
12698,6234,71.29108677757137
11695,5817,58.63381479572382
15417,7401,61.67278504582714
7844,4117,44.67001557264905
9200,4716,86.56358713518364
1363,1256,43.39851278401011
17322,8251,78.97087053179627
12207,6021,94.73269965784345
8741,4486,33.46783598072449
13904,6710,48.66678690477727
6423,3529,44.89397579276783
20075,9450,39.861714045116344
11279,5628,29.631293209851208
2743,1901,48.18396512217862
18378,8705,52.507627779152585
12850,6303,35.88231774875976
5341,3070,43.42628176111026
15236,7298,66.43500361526407
786,803,44.32131545313075
3643,2340,45.915472887969145
15105,7249,54.74895400887158
11467,5711,39.391051818461506
8613,4447,39.535414668313024
19555,9211,68.960626253138
11975,5930,57.75399348302511
3426,2235,53.87727793347301
11593,5765,44.013204127379026
13445,6561,63.267118614979324
4794,2840,54.43271644252121
5833,3277,50.910071365380986
7278,3866,43.91656556451528
167,328,54.18579409693649
5103,2970,34.74243153332429
3993,2486,36.87603596596796
537,621,59.45899283012551
11396,5680,49.619520207771245
10442,5240,48.025847679386914
17817,8468,61.414704441537936
21184,9923,41.72283267797576
6355,3500,65.68558081369616
903,906,53.49963201944797
3475,2256,31.833393533166713
6827,3686,52.946870784090095
9611,4900,36.53214952719463
566,639,50.952237882475174
3539,2291,40.5771283374018
7459,3951,45.29880452182579
11551,5742,481.67875661363166
12868,6313,58.37956416166173
5911,3323,29.386944384109654
12173,6004,52.12312836305716
3293,2174,53.02983558390372
8175,4236,75.18896540878802
13933,6716,47.59188195632487
3547,2294,170.45474528573664
19064,9004,49.93241830586817
8807,4523,35.543771886837476
13767,6665,74.7112575616211
15270,7316,38.21306777568236
16961,8083,37.91346907793928
17344,8263,25.15386593706245
14365,6883,46.9209228325725
7590,4003,48.43023770005095
10848,5424,59.991481348872014
7451,3945,33.86476879951425
9147,4686,53.9987160692516
1820,1477,37.213523495288655
7312,3890,46.49470428173669
8552,4427,29.47296404489373
15592,7484,51.1050388605824
14393,6888,55.247622691122785
4305,2627,90.56965260937767
12114,5979,44.97441684317687
5656,3206,56.86958492644379
5276,3033,46.62755752581893
19205,9053,48.660818919341295
1454,1319,49.04224829832742
1237,1161,46.15307365537558
11291,5632,55.15906979760405
842,852,69.63699812169591
8657,4454,61.35597510913732
5133,2979,65.34876823807991
8722,4479,43.83962241423842
10104,5104,48.59879214652187
17268,8226,35.614724916779664
13156,6435,45.354808168815964
17802,8462,75.2062791244486
15211,7284,64.12521069030834
320,457,78.11948507804402
4069,2517,47.52012041272445
20572,9671,64.01034266713162
11559,5749,38.716555433221174
21322,9989,49.99190037182427
8673,4460,34.71237344320616
18927,8941,47.847800155929804
2891,1980,71.21597772274328
12525,6147,69.46756477208419
21316,9980,58.572410073641265
20342,9560,29.055568698154843
4542,2724,65.00272203050179
18901,8932,40.976834091892556
21201,9931,38.39067739411331
14660,7019,66.05511155757705
7006,3767,39.54690956958359
6271,3460,81.46489754809363
3397,2227,73.03457438347255
11909,5905,2768.2548134430153
16496,7889,27.189290179608577
9563,4871,33.11183141867491
3098,2087,41.993380973304
8699,4470,56.8595212237002
7103,3802,43.06048202524386
7638,4026,37.41150765145596
6096,3385,49.18909115312789
7860,4123,39.8275035758989
1239,1162,78.51487629824936
12997,6372,48.0566653255338
12403,6090,52.2666815314285
6941,3740,25.436412553956643
17485,8331,47.22639405614984
1658,1406,45.773794999695724
1375,1265,75.4266273677868
13526,6588,55.5075366459555
15537,7456,39.08223128803519
3629,2333,72.42924535105732
3705,2358,48.244705799356495
432,547,36.24651815156187
21176,9920,46.032549430964934
12181,6009,36.95487802993625
16935,8071,61.31041137427917
20093,9459,60.98304554802138
6663,3624,39.485822524224375
7438,3938,45.19284981467786
8781,4511,63.19534566654386
1788,1466,46.9872796895678
3604,2323,30.268815685487425
15732,7534,54.31126010688115
12658,6217,54.39575150024882
6589,3589,62.846442610449685
14041,6757,53.81388891330943
5296,3045,55.25134007224659
1431,1299,45.03010840922502
6783,3669,113.45196500572956
18508,8764,68.52362851446168
20835,9772,49.12665867940444
19904,9373,54.3635583449971
9779,4953,74.62577789768841
6509,3562,65.87672015461351
2147,1647,87.76660926899928
17548,8360,63.85082937772836
3104,2088,85.91357233954852
17416,8294,34.5098751949572
3918,2451,46.14865237328462
10426,5231,34.74566124227874
4518,2715,22.425341562111214
6919,3732,57.73508586304462
4577,2743,52.06147753146331
9840,4978,47.74786915548765
12288,6055,58.01759233373326
13452,6566,35.83791321980203
6122,3395,24.276191616498295
7766,4085,37.96311605097145
8342,4315,59.31599957950607
14203,6826,65.6790113770794
7666,4040,33.78803114508776
21303,9974,53.843240554252134
15503,7439,71.7161918879043
3936,2461,45.66048473475104
322,465,229.77089450126883
5291,3042,48.7609050000479
4091,2528,36.61991447078435
19030,8994,74.84457180235677
20773,9758,37.648566022208286
11059,5526,44.852769873451166
10893,5440,61.56168621086738
18640,8825,44.26042158858513
7967,4161,33.03259344054209
2845,1948,43.48695376949877
5946,3331,29.273254003651914
1013,1001,43.14951751928061
18656,8829,56.51138848069661
18132,8599,76.70815012837767
17367,8275,56.53167514284979
18352,8694,42.79197202247707
4958,2913,54.78261982456212
2858,1959,42.08236021168136
18321,8681,56.88001102299239
4749,2825,97.48597003972003
8274,4284,17.230069464257156
1164,1097,41.4193313986126
11707,5825,36.912085744038166
6724,3650,53.03958095525019
10612,5321,56.81819764495327
10437,5238,57.67018360449356
18108,8587,34.011316795348876
2161,1650,57.88788505490692
2286,1713,35.170409150830096
880,883,41.42958597569054
8803,4519,85.11439286245763
13978,6734,44.37911971922995
13333,6523,42.0300288596066
942,939,155.95114003883992
19496,9188,51.633177820681624
5594,3188,45.38834282085338
13591,6614,54.68184788879864
8933,4576,85.56596065743258
8487,4390,26.902891968951508
16789,8010,63.62461853084682
7612,4016,47.761290218670865
8371,4326,47.17871774295992
19285,9087,50.732440950153205
5389,3096,68.82424883680642
16726,7983,48.287505322359436
11970,5926,165.2053436888566
4915,2889,50.999921997492606
14080,6779,66.83114849246044
15007,7201,81.62218786532628
18064,8569,18.59469500248167
567,641,223.63829231838668
7031,3774,40.60344701695078
206,355,148.12250755768338
12533,6154,45.91060133102576
2128,1633,44.637924566177276
1248,1173,55.147765543560126
3089,2079,18.617476138437155
6877,3711,67.29725393076018
16314,7818,55.02639434541203
20331,9549,58.16316035615944
3818,2406,67.66266277096292
5009,2932,59.69494513254472
6811,3680,83.77949000822008
16135,7724,51.58255462662771
21059,9871,1.237597619489975
16711,7976,-5.264243381638721
20270,9529,90.35405119488172
5094,2966,30.479965451892213
3315,2189,73.7018257737517
11476,5717,71.85987345502042
19839,9344,177.69246175844785
8495,4395,63.205460125880165
4903,2884,63.254240141867115
12566,6169,45.80204828352345
5667,3214,31.691789916658422
14300,6852,53.25568925308619
4854,2864,55.89356679762153
2946,2024,30.83762799667744
9077,4641,35.56547204556608
15156,7263,53.66193751097717
15965,7646,42.40195523394675
2581,1838,53.29911403454781
8537,4416,61.34612262525491
13104,6410,51.39223124290055
15125,7252,457.8991864637463
9574,4878,51.56840075453397
141,291,39.263234712645556
9730,4938,62.27049142186547
4089,2526,66.76627139092125
